"","STATE_CD","year","dem_percent"
"1","Alabama 1",2014,0.381724873
"2","Alabama 2",2014,0.419044159
"3","Alabama 3",2014,0.468938495
"4","Alabama 4",2014,0.224703212
"5","Alabama 5",2014,0.356304314
"6","Alabama 6",2014,0.420412134
"7","Alabama 7",2014,0.528870156
"8","Arizona 1",2014,0.43368944
"9","Arizona 2",2014,0.429787361
"10","Arizona 3",2014,0.438797679
"11","Arizona 4",2014,0.438797679
"12","Arizona 5",2014,0.438797679
"13","Arizona 6",2014,0.436733064
"14","Arizona 7",2014,0.457491062
"15","Arizona 8",2014,0.497771413
"16","Arizona 9",2014,NA
"17","Arkansas 1",2014,0.363115241
"18","Arkansas 2",2014,0.436438188
"19","Arkansas 3",2014,0.321825417
"20","Arkansas 4",2014,0.389008941
"21","California 1",2014,0.685783757
"22","California 2",2014,0.466282285
"23","California 3",2014,0.587944725
"24","California 4",2014,0.507320632
"25","California 5",2014,0.583663145
"26","California 6",2014,0.741492394
"27","California 7",2014,0.664042241
"28","California 8",2014,0.862632886
"29","California 9",2014,0.807658627
"30","California 10",2014,0.697936769
"31","California 11",2014,0.722268037
"32","California 12",2014,0.809000156
"33","California 13",2014,0.807658627
"34","California 14",2014,0.725889552
"35","California 15",2014,0.71569854
"36","California 16",2014,0.71569854
"37","California 17",2014,0.715561029
"38","California 18",2014,0.505021747
"39","California 19",2014,0.47937681
"40","California 20",2014,0.438904477
"41","California 21",2014,0.463209894
"42","California 22",2014,0.677058491
"43","California 23",2014,0.539011256
"44","California 24",2014,0.548571457
"45","California 25",2014,0.672419585
"46","California 26",2014,0.673149146
"47","California 27",2014,0.705029674
"48","California 28",2014,0.705029674
"49","California 29",2014,0.705029674
"50","California 30",2014,0.705029674
"51","California 31",2014,0.705029674
"52","California 32",2014,0.705029674
"53","California 33",2014,0.705029674
"54","California 34",2014,0.705029674
"55","California 35",2014,0.705029674
"56","California 36",2014,0.705029674
"57","California 37",2014,0.705029674
"58","California 38",2014,0.705029674
"59","California 39",2014,0.705029674
"60","California 40",2014,0.45768618
"61","California 41",2014,0.511962808
"62","California 42",2014,0.61783541
"63","California 43",2014,0.5276473
"64","California 44",2014,0.472413662
"65","California 45",2014,0.497860656
"66","California 46",2014,0.631741085
"67","California 47",2014,0.45768618
"68","California 48",2014,0.45768618
"69","California 49",2014,0.515082227
"70","California 50",2014,0.526027235
"71","California 51",2014,0.529504795
"72","California 52",2014,0.526027235
"73","California 53",2014,0.526027235
"74","Colorado 1",2014,NA
"75","Colorado 2",2014,NA
"76","Colorado 3",2014,NA
"77","Colorado 4",2014,NA
"78","Colorado 5",2014,NA
"79","Colorado 6",2014,NA
"80","Colorado 7",2014,NA
"81","Connecticut 1",2014,NA
"82","Connecticut 2",2014,NA
"83","Connecticut 3",2014,NA
"84","Connecticut 4",2014,NA
"85","Connecticut 5",2014,NA
"86","Delaware 0",2014,0.594444431
"87","Florida 1",2014,NA
"88","Florida 2",2014,NA
"89","Florida 3",2014,NA
"90","Florida 4",2014,NA
"91","Florida 5",2014,NA
"92","Florida 6",2014,NA
"93","Florida 7",2014,NA
"94","Florida 8",2014,NA
"95","Florida 9",2014,NA
"96","Florida 10",2014,NA
"97","Florida 11",2014,NA
"98","Florida 12",2014,NA
"99","Florida 13",2014,NA
"100","Florida 14",2014,NA
"101","Florida 15",2014,NA
"102","Florida 16",2014,NA
"103","Florida 17",2014,NA
"104","Florida 18",2014,NA
"105","Florida 19",2014,NA
"106","Florida 20",2014,NA
"107","Florida 21",2014,NA
"108","Florida 22",2014,NA
"109","Florida 23",2014,NA
"110","Florida 24",2014,NA
"111","Florida 25",2014,NA
"112","Florida 26",2014,NA
"113","Florida 27",2014,NA
"114","Georgia 1",2014,NA
"115","Georgia 2",2014,NA
"116","Georgia 3",2014,NA
"117","Georgia 4",2014,NA
"118","Georgia 5",2014,NA
"119","Georgia 6",2014,NA
"120","Georgia 7",2014,NA
"121","Georgia 8",2014,NA
"122","Georgia 9",2014,NA
"123","Georgia 10",2014,NA
"124","Georgia 11",2014,NA
"125","Georgia 12",2014,NA
"126","Georgia 13",2014,NA
"127","Georgia 14",2014,NA
"128","Hawaii 1",2014,0.698140166
"129","Hawaii 2",2014,0.709571551
"130","Idaho 1",2014,0.380523393
"131","Idaho 2",2014,0.336212994
"132","Illinois 1",2014,0.750196916
"133","Illinois 2",2014,0.723886028
"134","Illinois 3",2014,0.750196916
"135","Illinois 4",2014,0.750196916
"136","Illinois 5",2014,0.750196916
"137","Illinois 6",2014,0.708741308
"138","Illinois 7",2014,0.750196916
"139","Illinois 8",2014,0.708412833
"140","Illinois 9",2014,0.750196916
"141","Illinois 10",2014,0.723531354
"142","Illinois 11",2014,0.48468597
"143","Illinois 12",2014,0.495768943
"144","Illinois 13",2014,0.690443956
"145","Illinois 14",2014,0.506439105
"146","Illinois 15",2014,0.425201811
"147","Illinois 16",2014,0.493675715
"148","Illinois 17",2014,0.483116497
"149","Illinois 18",2014,0.445785359
"150","Illinois 19",2014,0.405120308
"151","Indiana 1",2014,0.602141884
"152","Indiana 2",2014,0.463299154
"153","Indiana 3",2014,0.368012693
"154","Indiana 4",2014,0.498074171
"155","Indiana 5",2014,0.47378422
"156","Indiana 6",2014,0.392551493
"157","Indiana 7",2014,0.612829738
"158","Indiana 8",2014,0.396143833
"159","Indiana 9",2014,0.422320571
"160","Iowa 1",2014,0.571385451
"161","Iowa 2",2014,0.589983339
"162","Iowa 3",2014,0.543020855
"163","Iowa 4",2014,0.508540144
"164","Iowa 5",2014,0.416435102
"165","Kansas 1",2014,0.265579075
"166","Kansas 2",2014,0.428655324
"167","Kansas 3",2014,0.473624152
"168","Kansas 4",2014,0.368991381
"169","Kentucky 1",2014,0.320661777
"170","Kentucky 2",2014,0.465212007
"171","Kentucky 3",2014,0.556412686
"172","Kentucky 4",2014,0.361909656
"173","Kentucky 5",2014,0.231631912
"174","Kentucky 6",2014,0.415319244
"175","Louisiana 1",2014,0.481939124
"176","Louisiana 2",2014,0.600932338
"177","Louisiana 3",2014,0.381487204
"178","Louisiana 4",2014,0.398072075
"179","Louisiana 5",2014,0.380722242
"180","Louisiana 6",2014,0.437191788
"181","Louisiana 7",2014,0.335519582
"182","Maine 1",2014,0.604534585
"183","Maine 2",2014,0.548171192
"184","Maryland 1",2014,0.502076636
"185","Maryland 2",2014,0.612707298
"186","Maryland 3",2014,0.638082093
"187","Maryland 4",2014,0.808334817
"188","Maryland 5",2014,0.699562661
"189","Maryland 6",2014,0.566437479
"190","Maryland 7",2014,0.685030889
"191","Maryland 8",2014,0.808334817
"192","Massachusetts 1",2014,0.627131456
"193","Massachusetts 2",2014,0.589812313
"194","Massachusetts 3",2014,0.60157009
"195","Massachusetts 4",2014,0.60080399
"196","Massachusetts 5",2014,0.601202318
"197","Massachusetts 6",2014,0.618946146
"198","Massachusetts 7",2014,0.678537111
"199","Massachusetts 8",2014,0.678537111
"200","Massachusetts 9",2014,0.623892881
"201","Massachusetts 10",2014,0.567238946
"202","Michigan 1",2014,0.470071208
"203","Michigan 2",2014,0.443498288
"204","Michigan 3",2014,0.454171401
"205","Michigan 4",2014,0.486731201
"206","Michigan 5",2014,0.592120334
"207","Michigan 6",2014,0.496488764
"208","Michigan 7",2014,0.562759556
"209","Michigan 8",2014,0.534027052
"210","Michigan 9",2014,0.540679321
"211","Michigan 10",2014,0.499929823
"212","Michigan 11",2014,0.649265517
"213","Michigan 12",2014,0.53281765
"214","Michigan 13",2014,0.735935087
"215","Michigan 14",2014,0.735935087
"216","Michigan 15",2014,0.711154004
"217","Minnesota 1",2014,0.504970208
"218","Minnesota 2",2014,0.570214827
"219","Minnesota 3",2014,0.605831747
"220","Minnesota 4",2014,0.583176963
"221","Minnesota 5",2014,0.624001188
"222","Minnesota 6",2014,0.582190847
"223","Minnesota 7",2014,0.45308997
"224","Minnesota 8",2014,0.531015479
"225","Mississippi 1",2014,0.384630566
"226","Mississippi 2",2014,0.634363963
"227","Mississippi 3",2014,0.467130788
"228","Mississippi 4",2014,0.320725814
"229","Missouri 1",2014,0.626059948
"230","Missouri 2",2014,0.518065418
"231","Missouri 3",2014,0.600605639
"232","Missouri 4",2014,0.46070889
"233","Missouri 5",2014,0.563353879
"234","Missouri 6",2014,0.506509211
"235","Missouri 7",2014,0.310074937
"236","Missouri 8",2014,0.307384408
"237","Missouri 9",2014,0.386321504
"238","Montana 0",2014,0.430730262
"239","Nebraska 1",2014,0.408983987
"240","Nebraska 2",2014,0.454757215
"241","Nebraska 3",2014,0.266101543
"242","Nevada 1",2014,0.573761352
"243","Nevada 2",2014,0.533483384
"244","Nevada 3",2014,0.573761352
"245","Nevada 4",2014,NA
"246","New Hampshire 1",2014,0.511557981
"247","New Hampshire 2",2014,0.524788745
"248","New Jersey 1",2014,0.618691058
"249","New Jersey 2",2014,0.599738147
"250","New Jersey 3",2014,0.55481966
"251","New Jersey 4",2014,0.518589441
"252","New Jersey 5",2014,0.550754275
"253","New Jersey 6",2014,0.577627637
"254","New Jersey 7",2014,0.603215075
"255","New Jersey 8",2014,0.727234334
"256","New Jersey 9",2014,0.632039237
"257","New Jersey 10",2014,0.746183215
"258","New Jersey 11",2014,0.601317708
"259","New Jersey 12",2014,0.56157358
"260","New Jersey 13",2014,0.713190181
"261","New Mexico 1",2014,0.599838754
"262","New Mexico 2",2014,0.537697483
"263","New Mexico 3",2014,0.590541363
"264","New York 1",2014,0.514491424
"265","New York 2",2014,0.523341365
"266","New York 3",2014,0.523341365
"267","New York 4",2014,0.533696507
"268","New York 5",2014,0.670650228
"269","New York 6",2014,0.794911391
"270","New York 7",2014,0.841660706
"271","New York 8",2014,0.835828913
"272","New York 9",2014,0.810038526
"273","New York 10",2014,0.822477084
"274","New York 11",2014,0.822477084
"275","New York 12",2014,0.823003342
"276","New York 13",2014,0.765306054
"277","New York 14",2014,0.823327535
"278","New York 15",2014,0.845721656
"279","New York 16",2014,0.916410853
"280","New York 17",2014,0.73479248
"281","New York 18",2014,0.589735455
"282","New York 19",2014,0.559551351
"283","New York 20",2014,0.524410143
"284","New York 21",2014,0.568754806
"285","New York 22",2014,0.547679629
"286","New York 23",2014,0.52296883
"287","New York 24",2014,0.517877777
"288","New York 25",2014,0.58508962
"289","New York 26",2014,0.559791258
"290","New York 27",2014,0.566116611
"291","New York 28",2014,0.572009647
"292","New York 29",2014,0.540073163
"293","North Carolina 1",2014,0.53236464
"294","North Carolina 2",2014,0.52703736
"295","North Carolina 3",2014,0.446352859
"296","North Carolina 4",2014,0.605920869
"297","North Carolina 5",2014,0.409867963
"298","North Carolina 6",2014,0.44938785
"299","North Carolina 7",2014,0.505413396
"300","North Carolina 8",2014,0.544996584
"301","North Carolina 9",2014,0.539254356
"302","North Carolina 10",2014,0.349343812
"303","North Carolina 11",2014,0.442935977
"304","North Carolina 12",2014,0.543206507
"305","North Carolina 13",2014,0.540835564
"306","North Dakota 0",2014,0.39890924
"307","Ohio 1",2014,0.479335707
"308","Ohio 2",2014,0.451685792
"309","Ohio 3",2014,0.440644656
"310","Ohio 4",2014,0.365211091
"311","Ohio 5",2014,0.507377995
"312","Ohio 6",2014,0.521526755
"313","Ohio 7",2014,0.548531385
"314","Ohio 8",2014,0.421020177
"315","Ohio 9",2014,0.609946091
"316","Ohio 10",2014,0.695298202
"317","Ohio 11",2014,0.695298202
"318","Ohio 12",2014,0.552491044
"319","Ohio 13",2014,0.630587047
"320","Ohio 14",2014,0.618683286
"321","Ohio 15",2014,0.592866472
"322","Ohio 16",2014,0.454965434
"323","Ohio 17",2014,0.589178845
"324","Ohio 18",2014,0.452506412
"325","Oklahoma 1",2014,0.32988157
"326","Oklahoma 2",2014,0.320715731
"327","Oklahoma 3",2014,0.258991852
"328","Oklahoma 4",2014,0.3098543
"329","Oklahoma 5",2014,0.316769784
"330","Oregon 1",2014,0.682750696
"331","Oregon 2",2014,0.412754741
"332","Oregon 3",2014,0.690134497
"333","Oregon 4",2014,0.522677738
"334","Oregon 5",2014,0.641101098
"335","Pennsylvania 1",2014,0.785502629
"336","Pennsylvania 2",2014,0.749846129
"337","Pennsylvania 3",2014,0.444191457
"338","Pennsylvania 4",2014,0.50378478
"339","Pennsylvania 5",2014,0.378510647
"340","Pennsylvania 6",2014,0.535161927
"341","Pennsylvania 7",2014,0.56360269
"342","Pennsylvania 8",2014,0.678581348
"343","Pennsylvania 9",2014,0.362460594
"344","Pennsylvania 10",2014,0.476799401
"345","Pennsylvania 11",2014,0.528180328
"346","Pennsylvania 12",2014,0.494574071
"347","Pennsylvania 13",2014,0.749846129
"348","Pennsylvania 14",2014,0.57313052
"349","Pennsylvania 15",2014,0.544456584
"350","Pennsylvania 16",2014,0.464458454
"351","Pennsylvania 17",2014,0.47140477
"352","Pennsylvania 18",2014,0.516749047
"353","Pennsylvania 19",2014,0.379125729
"354","Rhode Island 1",2014,0.660626752
"355","Rhode Island 2",2014,0.645063551
"356","South Carolina 1",2014,NA
"357","South Carolina 2",2014,NA
"358","South Carolina 3",2014,NA
"359","South Carolina 4",2014,NA
"360","South Carolina 5",2014,NA
"361","South Carolina 6",2014,NA
"362","South Carolina 7",2014,NA
"363","South Dakota 0",2014,0.407809208
"364","Tennessee 1",2014,0.260518901
"365","Tennessee 2",2014,0.305374487
"366","Tennessee 3",2014,0.346020226
"367","Tennessee 4",2014,0.29809516
"368","Tennessee 5",2014,0.529124168
"369","Tennessee 6",2014,0.327387309
"370","Tennessee 7",2014,0.529115614
"371","Tennessee 8",2014,0.529573737
"372","Tennessee 9",2014,0.631432246
"373","Texas 1",2014,0.273443896
"374","Texas 2",2014,0.496052417
"375","Texas 3",2014,0.506865849
"376","Texas 4",2014,0.303237118
"377","Texas 5",2014,0.522719226
"378","Texas 6",2014,0.396521902
"379","Texas 7",2014,0.500249932
"380","Texas 8",2014,0.215485613
"381","Texas 9",2014,0.494810392
"382","Texas 10",2014,0.520192731
"383","Texas 11",2014,0.207809965
"384","Texas 12",2014,0.394540691
"385","Texas 13",2014,0.191193039
"386","Texas 14",2014,0.385760357
"387","Texas 15",2014,0.632448974
"388","Texas 16",2014,0.665163813
"389","Texas 17",2014,0.283497541
"390","Texas 18",2014,0.500249932
"391","Texas 19",2014,0.246186464
"392","Texas 20",2014,0.523148754
"393","Texas 21",2014,0.527660789
"394","Texas 22",2014,0.474943365
"395","Texas 23",2014,0.553951857
"396","Texas 24",2014,0.479396172
"397","Texas 25",2014,0.563523287
"398","Texas 26",2014,0.476466081
"399","Texas 27",2014,0.548979693
"400","Texas 28",2014,0.558632716
"401","Texas 29",2014,0.500249932
"402","Texas 30",2014,0.578014047
"403","Texas 31",2014,0.379012712
"404","Texas 32",2014,0.578014047
"405","Texas 33",2014,NA
"406","Texas 34",2014,NA
"407","Texas 35",2014,NA
"408","Texas 36",2014,NA
"409","Utah 1",2014,NA
"410","Utah 2",2014,NA
"411","Utah 3",2014,NA
"412","Utah 4",2014,NA
"413","Vermont 0",2014,0.682489665
"414","Virginia 1",2014,0.53124409
"415","Virginia 2",2014,0.585814346
"416","Virginia 3",2014,0.635135113
"417","Virginia 4",2014,0.498744218
"418","Virginia 5",2014,0.457955914
"419","Virginia 6",2014,0.394125089
"420","Virginia 7",2014,0.511732963
"421","Virginia 8",2014,0.634034266
"422","Virginia 9",2014,0.354571543
"423","Virginia 10",2014,0.558579007
"424","Virginia 11",2014,0.594389232
"425","Washington 1",2014,0.663208127
"426","Washington 2",2014,0.656822732
"427","Washington 3",2014,0.524481811
"428","Washington 4",2014,0.389063276
"429","Washington 5",2014,0.44332533
"430","Washington 6",2014,0.556225858
"431","Washington 7",2014,0.704080123
"432","Washington 8",2014,0.663278335
"433","Washington 9",2014,0.657720946
"434","Washington 10",2014,NA
"435","West Virginia 1",2014,0.363357761
"436","West Virginia 2",2014,0.387459035
"437","West Virginia 3",2014,0.332106008
"438","Wisconsin 1",2014,0.553691844
"439","Wisconsin 2",2014,0.639055848
"440","Wisconsin 3",2014,0.546512169
"441","Wisconsin 4",2014,0.674360766
"442","Wisconsin 5",2014,0.518768842
"443","Wisconsin 6",2014,0.471164134
"444","Wisconsin 7",2014,0.505057709
"445","Wisconsin 8",2014,0.480118689
"446","#N/A",2014,0.520096714
"447","Alabama 1",2018,0.352134031
"448","Alabama 2",2018,0.380884473
"449","Alabama 3",2018,0.404995567
"450","Alabama 4",2018,0.215546212
"451","Alabama 5",2018,0.326284363
"452","Alabama 6",2018,0.424078668
"453","Alabama 7",2018,0.545118589
"454","Arizona 1",2018,0.481411925
"455","Arizona 2",2018,0.553244047
"456","Arizona 3",2018,0.498788469
"457","Arizona 4",2018,0.457349567
"458","Arizona 5",2018,0.484673867
"459","Arizona 6",2018,0.484673867
"460","Arizona 7",2018,0.484673867
"461","Arizona 8",2018,0.484673867
"462","Arizona 9",2018,0.484673867
"463","Arkansas 1",2018,0.345055018
"464","Arkansas 2",2018,0.44301526
"465","Arkansas 3",2018,0.32138274
"466","Arkansas 4",2018,0.321191108
"467","California 1",2018,0.414818171
"468","California 2",2018,0.749410905
"469","California 3",2018,0.624305608
"470","California 4",2018,0.471879559
"471","California 5",2018,0.719004771
"472","California 6",2018,0.643959188
"473","California 7",2018,0.632057804
"474","California 8",2018,0.555388977
"475","California 9",2018,0.660084488
"476","California 10",2018,0.547732178
"477","California 11",2018,0.733583309
"478","California 12",2018,0.901539298
"479","California 13",2018,0.865520726
"480","California 14",2018,0.85909314
"481","California 15",2018,0.797441126
"482","California 16",2018,0.526297812
"483","California 17",2018,0.810020538
"484","California 18",2018,0.789563908
"485","California 19",2018,0.7794624
"486","California 20",2018,0.771435278
"487","California 21",2018,0.477193916
"488","California 22",2018,0.508858687
"489","California 23",2018,0.73162692
"490","California 24",2018,0.600895187
"491","California 25",2018,0.746669879
"492","California 26",2018,0.746669879
"493","California 27",2018,0.729348049
"494","California 28",2018,0.761992105
"495","California 29",2018,0.761992105
"496","California 30",2018,0.746669879
"497","California 31",2018,0.556853032
"498","California 32",2018,0.761992105
"499","California 33",2018,0.761992105
"500","California 34",2018,0.761992105
"501","California 35",2018,0.729348049
"502","California 36",2018,0.528610713
"503","California 37",2018,0.761992105
"504","California 38",2018,0.706543872
"505","California 39",2018,0.688084785
"506","California 40",2018,0.761992105
"507","California 41",2018,0.528610713
"508","California 42",2018,0.528610713
"509","California 43",2018,0.761992105
"510","California 44",2018,0.761992105
"511","California 45",2018,0.546017443
"512","California 46",2018,0.546017443
"513","California 47",2018,0.706543872
"514","California 48",2018,0.546017443
"515","California 49",2018,0.577353798
"516","California 50",2018,0.577639076
"517","California 51",2018,0.610309126
"518","California 52",2018,0.606207171
"519","California 53",2018,0.606207171
"520","Colorado 1",2018,0.640008515
"521","Colorado 2",2018,0.559983773
"522","Colorado 3",2018,0.43955543
"523","Colorado 4",2018,0.523226242
"524","Colorado 5",2018,0.367383523
"525","Colorado 6",2018,0.520319842
"526","Colorado 7",2018,0.541080293
"527","Connecticut 1",2018,0.575530474
"528","Connecticut 2",2018,0.571626358
"529","Connecticut 3",2018,0.580220682
"530","Connecticut 4",2018,0.584789471
"531","Connecticut 5",2018,0.583716804
"532","Delaware 0",2018,NA
"533","Florida 1",2018,0.292964798
"534","Florida 2",2018,0.382692504
"535","Florida 3",2018,0.403886607
"536","Florida 4",2018,0.436941985
"537","Florida 5",2018,0.512658081
"538","Florida 6",2018,0.391965383
"539","Florida 7",2018,0.58856331
"540","Florida 8",2018,0.529266836
"541","Florida 9",2018,0.569377771
"542","Florida 10",2018,0.628237893
"543","Florida 11",2018,0.349487617
"544","Florida 12",2018,0.493580413
"545","Florida 13",2018,0.494184842
"546","Florida 14",2018,0.535689307
"547","Florida 15",2018,0.481116241
"548","Florida 16",2018,0.491619617
"549","Florida 17",2018,0.404884096
"550","Florida 18",2018,0.54370737
"551","Florida 19",2018,0.385104986
"552","Florida 20",2018,0.635026202
"553","Florida 21",2018,0.579025615
"554","Florida 22",2018,0.635026202
"555","Florida 23",2018,0.664328239
"556","Florida 24",2018,0.664328239
"557","Florida 25",2018,0.607545997
"558","Florida 26",2018,0.643747873
"559","Florida 27",2018,0.651410799
"560","Georgia 1",2018,0.413757717
"561","Georgia 2",2018,0.533712346
"562","Georgia 3",2018,0.41249321
"563","Georgia 4",2018,0.665240975
"564","Georgia 5",2018,0.775030704
"565","Georgia 6",2018,0.687434329
"566","Georgia 7",2018,0.466509208
"567","Georgia 8",2018,0.398893541
"568","Georgia 9",2018,0.259792685
"569","Georgia 10",2018,0.466266112
"570","Georgia 11",2018,0.562715772
"571","Georgia 12",2018,0.401906781
"572","Georgia 13",2018,0.621909714
"573","Georgia 14",2018,0.225261342
"574","Hawaii 1",2018,0.660456654
"575","Hawaii 2",2018,0.674413375
"576","Idaho 1",2018,0.347137453
"577","Idaho 2",2018,0.343722507
"578","Illinois 1",2018,0.750622585
"579","Illinois 2",2018,0.744719672
"580","Illinois 3",2018,0.725885336
"581","Illinois 4",2018,0.780515322
"582","Illinois 5",2018,0.748116264
"583","Illinois 6",2018,0.710872569
"584","Illinois 7",2018,0.780515322
"585","Illinois 8",2018,0.734596204
"586","Illinois 9",2018,0.780515322
"587","Illinois 10",2018,0.760003751
"588","Illinois 11",2018,0.71148254
"589","Illinois 12",2018,0.416049425
"590","Illinois 13",2018,0.441248153
"591","Illinois 14",2018,0.555987548
"592","Illinois 15",2018,0.353923728
"593","Illinois 16",2018,0.478882641
"594","Illinois 17",2018,0.464923235
"595","Illinois 18",2018,0.405738112
"596","Illinois 19",2018,NA
"597","Indiana 1",2018,0.55408011
"598","Indiana 2",2018,0.379473881
"599","Indiana 3",2018,0.311214767
"600","Indiana 4",2018,0.315201958
"601","Indiana 5",2018,0.500504539
"602","Indiana 6",2018,0.288093905
"603","Indiana 7",2018,0.620284112
"604","Indiana 8",2018,0.323344543
"605","Indiana 9",2018,0.353469062
"606","Iowa 1",2018,0.481093897
"607","Iowa 2",2018,0.478179069
"608","Iowa 3",2018,0.481146662
"609","Iowa 4",2018,0.355243566
"610","Iowa 5",2018,NA
"611","Kansas 1",2018,0.259468554
"612","Kansas 2",2018,0.397699307
"613","Kansas 3",2018,0.501054117
"614","Kansas 4",2018,0.352892642
"615","Kentucky 1",2018,0.24849938
"616","Kentucky 2",2018,0.288996164
"617","Kentucky 3",2018,0.570333887
"618","Kentucky 4",2018,0.442237007
"619","Kentucky 5",2018,0.187950213
"620","Kentucky 6",2018,0.413200506
"621","Louisiana 1",2018,0.458288677
"622","Louisiana 2",2018,0.556966003
"623","Louisiana 3",2018,0.317554508
"624","Louisiana 4",2018,0.38131307
"625","Louisiana 5",2018,0.35294227
"626","Louisiana 6",2018,0.401088877
"627","Louisiana 7",2018,NA
"628","Maine 1",2018,0.568406115
"629","Maine 2",2018,0.45089527
"630","Maryland 1",2018,0.474070345
"631","Maryland 2",2018,0.623371644
"632","Maryland 3",2018,0.697851246
"633","Maryland 4",2018,0.752718733
"634","Maryland 5",2018,0.702903931
"635","Maryland 6",2018,0.664377235
"636","Maryland 7",2018,0.702129656
"637","Maryland 8",2018,0.676924069
"638","Massachusetts 1",2018,0.603824587
"639","Massachusetts 2",2018,0.612250768
"640","Massachusetts 3",2018,0.646937032
"641","Massachusetts 4",2018,0.626817809
"642","Massachusetts 5",2018,0.692776703
"643","Massachusetts 6",2018,0.6759048
"644","Massachusetts 7",2018,0.716999536
"645","Massachusetts 8",2018,0.652044049
"646","Massachusetts 9",2018,0.556211654
"647","Massachusetts 10",2018,NA
"648","Michigan 1",2018,0.38738838
"649","Michigan 2",2018,0.429191697
"650","Michigan 3",2018,0.447410592
"651","Michigan 4",2018,0.402156295
"652","Michigan 5",2018,0.492698941
"653","Michigan 6",2018,0.4551475
"654","Michigan 7",2018,0.521380525
"655","Michigan 8",2018,0.533796321
"656","Michigan 9",2018,0.502670686
"657","Michigan 10",2018,0.400510532
"658","Michigan 11",2018,0.624688747
"659","Michigan 12",2018,0.698535175
"660","Michigan 13",2018,0.694038376
"661","Michigan 14",2018,0.624688747
"662","Michigan 15",2018,NA
"663","Minnesota 1",2018,0.426800765
"664","Minnesota 2",2018,0.493043577
"665","Minnesota 3",2018,0.626199193
"666","Minnesota 4",2018,0.644026243
"667","Minnesota 5",2018,0.657204565
"668","Minnesota 6",2018,0.56180087
"669","Minnesota 7",2018,0.34206881
"670","Minnesota 8",2018,0.418634278
"671","Mississippi 1",2018,0.340720074
"672","Mississippi 2",2018,0.601731872
"673","Mississippi 3",2018,0.462617638
"674","Mississippi 4",2018,0.28951649
"675","Missouri 1",2018,0.636495958
"676","Missouri 2",2018,0.496011631
"677","Missouri 3",2018,0.305463111
"678","Missouri 4",2018,0.305342884
"679","Missouri 5",2018,0.422174748
"680","Missouri 6",2018,0.370046327
"681","Missouri 7",2018,0.257402784
"682","Missouri 8",2018,0.238616605
"683","Missouri 9",2018,NA
"684","Montana 0",2018,NA
"685","Nebraska 1",2018,0.380395204
"686","Nebraska 2",2018,0.480699947
"687","Nebraska 3",2018,0.210738308
"688","Nevada 1",2018,0.556940078
"689","Nevada 2",2018,0.429870156
"690","Nevada 3",2018,0.556940078
"691","Nevada 4",2018,0.538913037
"692","New Hampshire 1",2018,0.473297325
"693","New Hampshire 2",2018,0.471046609
"694","New Jersey 1",2018,0.594358339
"695","New Jersey 2",2018,0.505506643
"696","New Jersey 3",2018,0.438029048
"697","New Jersey 4",2018,0.456393765
"698","New Jersey 5",2018,0.545204293
"699","New Jersey 6",2018,0.532706029
"700","New Jersey 7",2018,0.618859504
"701","New Jersey 8",2018,0.687744636
"702","New Jersey 9",2018,0.632665003
"703","New Jersey 10",2018,0.753921753
"704","New Jersey 11",2018,0.616800105
"705","New Jersey 12",2018,0.636836127
"706","New Jersey 13",2018,NA
"707","New Mexico 1",2018,0.606984346
"708","New Mexico 2",2018,0.532894317
"709","New Mexico 3",2018,0.592963801
"710","New York 1",2018,0.464386933
"711","New York 2",2018,0.497462266
"712","New York 3",2018,0.592889592
"713","New York 4",2018,0.532145426
"714","New York 5",2018,0.65805197
"715","New York 6",2018,0.775952989
"716","New York 7",2018,0.830163553
"717","New York 8",2018,0.799479753
"718","New York 9",2018,0.819543831
"719","New York 10",2018,0.855511596
"720","New York 11",2018,0.746670678
"721","New York 12",2018,0.830163553
"722","New York 13",2018,0.900783862
"723","New York 14",2018,0.823121652
"724","New York 15",2018,0.90344188
"725","New York 16",2018,0.787539577
"726","New York 17",2018,0.640451183
"727","New York 18",2018,0.587647362
"728","New York 19",2018,0.482185557
"729","New York 20",2018,0.540009807
"730","New York 21",2018,0.437223667
"731","New York 22",2018,0.41437553
"732","New York 23",2018,0.424132676
"733","New York 24",2018,0.507010709
"734","New York 25",2018,0.579972569
"735","New York 26",2018,0.510941848
"736","New York 27",2018,0.514804422
"737","New York 28",2018,NA
"738","New York 29",2018,NA
"739","North Carolina 1",2018,0.657082975
"740","North Carolina 2",2018,0.546231998
"741","North Carolina 3",2018,0.406214867
"742","North Carolina 4",2018,0.665717886
"743","North Carolina 5",2018,0.393409945
"744","North Carolina 6",2018,0.489739697
"745","North Carolina 7",2018,0.405338908
"746","North Carolina 8",2018,0.432184096
"747","North Carolina 9",2018,0.580490389
"748","North Carolina 10",2018,0.381029598
"749","North Carolina 11",2018,0.395924033
"750","North Carolina 12",2018,0.654465873
"751","North Carolina 13",2018,0.449426298
"752","North Dakota 0",2018,NA
"753","Ohio 1",2018,0.49814381
"754","Ohio 2",2018,0.458744837
"755","Ohio 3",2018,0.637928247
"756","Ohio 4",2018,0.35337811
"757","Ohio 5",2018,0.427502742
"758","Ohio 6",2018,0.355829285
"759","Ohio 7",2018,0.384646908
"760","Ohio 8",2018,0.315968223
"761","Ohio 9",2018,0.625787583
"762","Ohio 10",2018,0.459978093
"763","Ohio 11",2018,0.642555661
"764","Ohio 12",2018,0.535423661
"765","Ohio 13",2018,0.487045548
"766","Ohio 14",2018,0.577466185
"767","Ohio 15",2018,0.551515167
"768","Ohio 16",2018,0.56597854
"769","Ohio 17",2018,NA
"770","Ohio 18",2018,NA
"771","Oklahoma 1",2018,0.324875264
"772","Oklahoma 2",2018,0.237816975
"773","Oklahoma 3",2018,0.219391717
"774","Oklahoma 4",2018,0.358401705
"775","Oklahoma 5",2018,0.422828744
"776","Oregon 1",2018,0.712245402
"777","Oregon 2",2018,0.389939029
"778","Oregon 3",2018,0.716251484
"779","Oregon 4",2018,0.489287187
"780","Oregon 5",2018,0.657730911
"781","Pennsylvania 1",2018,0.776299343
"782","Pennsylvania 2",2018,0.755773282
"783","Pennsylvania 3",2018,0.369065706
"784","Pennsylvania 4",2018,0.401577957
"785","Pennsylvania 5",2018,0.367356521
"786","Pennsylvania 6",2018,0.543438512
"787","Pennsylvania 7",2018,0.544070932
"788","Pennsylvania 8",2018,0.564013361
"789","Pennsylvania 9",2018,0.305817258
"790","Pennsylvania 10",2018,0.36401145
"791","Pennsylvania 11",2018,0.403381096
"792","Pennsylvania 12",2018,0.490428327
"793","Pennsylvania 13",2018,0.755773282
"794","Pennsylvania 14",2018,0.53175818
"795","Pennsylvania 15",2018,0.474164487
"796","Pennsylvania 16",2018,0.470203939
"797","Pennsylvania 17",2018,0.438499966
"798","Pennsylvania 18",2018,0.51066603
"799","Pennsylvania 19",2018,NA
"800","Rhode Island 1",2018,0.610800486
"801","Rhode Island 2",2018,0.578166287
"802","South Carolina 1",2018,0.470313723
"803","South Carolina 2",2018,0.505146386
"804","South Carolina 3",2018,0.330808844
"805","South Carolina 4",2018,0.35933444
"806","South Carolina 5",2018,0.398971361
"807","South Carolina 6",2018,0.540022161
"808","South Carolina 7",2018,0.406612646
"809","South Dakota 0",2018,NA
"810","Tennessee 1",2018,0.204045647
"811","Tennessee 2",2018,0.306322779
"812","Tennessee 3",2018,0.305651156
"813","Tennessee 4",2018,0.281282687
"814","Tennessee 5",2018,0.59076175
"815","Tennessee 6",2018,0.246739228
"816","Tennessee 7",2018,0.294729608
"817","Tennessee 8",2018,0.519130138
"818","Tennessee 9",2018,0.642388177
"819","Texas 1",2018,0.250017968
"820","Texas 2",2018,0.564583701
"821","Texas 3",2018,0.411616975
"822","Texas 4",2018,0.330784686
"823","Texas 5",2018,0.565152107
"824","Texas 6",2018,0.433795782
"825","Texas 7",2018,0.564583701
"826","Texas 8",2018,0.507946007
"827","Texas 9",2018,0.55955257
"828","Texas 10",2018,0.584938579
"829","Texas 11",2018,0.195790025
"830","Texas 12",2018,0.420839806
"831","Texas 13",2018,0.174128879
"832","Texas 14",2018,0.394775491
"833","Texas 15",2018,0.581636288
"834","Texas 16",2018,0.727019252
"835","Texas 17",2018,0.582716121
"836","Texas 18",2018,0.564583701
"837","Texas 19",2018,0.243029629
"838","Texas 20",2018,0.570744245
"839","Texas 21",2018,0.577511837
"840","Texas 22",2018,0.546170793
"841","Texas 23",2018,0.597692808
"842","Texas 24",2018,0.524665042
"843","Texas 25",2018,0.509337324
"844","Texas 26",2018,0.524665042
"845","Texas 27",2018,0.385015197
"846","Texas 28",2018,0.604306133
"847","Texas 29",2018,0.564583701
"848","Texas 30",2018,0.636828839
"849","Texas 31",2018,0.43911838
"850","Texas 32",2018,0.56462878
"851","Texas 33",2018,0.551756632
"852","Texas 34",2018,0.634263366
"853","Texas 35",2018,0.5877866
"854","Texas 36",2018,0.526353864
"855","Utah 1",2018,0.318125497
"856","Utah 2",2018,0.4352334
"857","Utah 3",2018,0.451296856
"858","Utah 4",2018,0.451892286
"859","Vermont 0",2018,NA
"860","Virginia 1",2018,0.472315447
"861","Virginia 2",2018,0.548535844
"862","Virginia 3",2018,0.612947469
"863","Virginia 4",2018,0.581099884
"864","Virginia 5",2018,0.424804319
"865","Virginia 6",2018,0.359917555
"866","Virginia 7",2018,0.489948745
"867","Virginia 8",2018,0.726055371
"868","Virginia 9",2018,0.295001858
"869","Virginia 10",2018,0.636863159
"870","Virginia 11",2018,0.671077081
"871","Washington 1",2018,0.707353295
"872","Washington 2",2018,0.583129748
"873","Washington 3",2018,0.498210636
"874","Washington 4",2018,0.381611607
"875","Washington 5",2018,0.427264002
"876","Washington 6",2018,0.538653983
"877","Washington 7",2018,0.723918845
"878","Washington 8",2018,0.695850424
"879","Washington 9",2018,0.71040611
"880","Washington 10",2018,0.547808842
"881","West Virginia 1",2018,0.279540056
"882","West Virginia 2",2018,0.308560176
"883","West Virginia 3",2018,0.2428536
"884","Wisconsin 1",2018,NA
"885","Wisconsin 2",2018,NA
"886","Wisconsin 3",2018,NA
"887","Wisconsin 4",2018,NA
"888","Wisconsin 5",2018,NA
"889","Wisconsin 6",2018,NA
"890","Wisconsin 7",2018,NA
"891","Wisconsin 8",2018,NA
"892","#N/A",2018,0.49995849
"893","Alabama 1",2010,0.390788721
"894","Alabama 2",2010,0.407023755
"895","Alabama 3",2010,0.456924713
"896","Alabama 4",2010,0.239855583
"897","Alabama 5",2010,0.369056549
"898","Alabama 6",2010,0.425701714
"899","Alabama 7",2010,0.522854019
"900","Arizona 1",2010,0.441068198
"901","Arizona 2",2010,0.439814685
"902","Arizona 3",2010,0.445441423
"903","Arizona 4",2010,0.445441423
"904","Arizona 5",2010,0.445441423
"905","Arizona 6",2010,0.443988399
"906","Arizona 7",2010,0.463122196
"907","Arizona 8",2010,0.502409117
"908","Arizona 9",2010,NA
"909","Arkansas 1",2010,0.38612868
"910","Arkansas 2",2010,0.447858288
"911","Arkansas 3",2010,0.34330547
"912","Arkansas 4",2010,0.404827686
"913","California 1",2010,0.704198421
"914","California 2",2010,0.491594728
"915","California 3",2010,0.595003484
"916","California 4",2010,0.534013145
"917","California 5",2010,0.595243796
"918","California 6",2010,0.768707659
"919","California 7",2010,0.681004684
"920","California 8",2010,0.861222145
"921","California 9",2010,0.800612436
"922","California 10",2010,0.695085222
"923","California 11",2010,0.715546516
"924","California 12",2010,0.812385074
"925","California 13",2010,0.800612436
"926","California 14",2010,0.728845445
"927","California 15",2010,0.708887172
"928","California 16",2010,0.708887172
"929","California 17",2010,0.741661681
"930","California 18",2010,0.513945638
"931","California 19",2010,0.489362431
"932","California 20",2010,0.451172356
"933","California 21",2010,0.477368999
"934","California 22",2010,0.676152336
"935","California 23",2010,0.568007585
"936","California 24",2010,0.581760902
"937","California 25",2010,0.675909567
"938","California 26",2010,0.676560512
"939","California 27",2010,0.701108324
"940","California 28",2010,0.701108324
"941","California 29",2010,0.701108324
"942","California 30",2010,0.701108324
"943","California 31",2010,0.701108324
"944","California 32",2010,0.701108324
"945","California 33",2010,0.701108324
"946","California 34",2010,0.701108324
"947","California 35",2010,0.701108324
"948","California 36",2010,0.701108324
"949","California 37",2010,0.701108324
"950","California 38",2010,0.701108324
"951","California 39",2010,0.701108324
"952","California 40",2010,0.480547263
"953","California 41",2010,0.521613793
"954","California 42",2010,0.633596425
"955","California 43",2010,0.526335474
"956","California 44",2010,0.491708945
"957","California 45",2010,0.51638991
"958","California 46",2010,0.646808608
"959","California 47",2010,0.480547263
"960","California 48",2010,0.480547263
"961","California 49",2010,0.538857931
"962","California 50",2010,0.5478353
"963","California 51",2010,0.549834176
"964","California 52",2010,0.5478353
"965","California 53",2010,0.5478353
"966","Colorado 1",2010,0.617640259
"967","Colorado 2",2010,0.586356789
"968","Colorado 3",2010,0.484451744
"969","Colorado 4",2010,0.565821216
"970","Colorado 5",2010,0.403664201
"971","Colorado 6",2010,0.51998606
"972","Colorado 7",2010,0.561213788
"973","Connecticut 1",2010,0.631626475
"974","Connecticut 2",2010,0.627467803
"975","Connecticut 3",2010,0.605046349
"976","Connecticut 4",2010,0.603718328
"977","Connecticut 5",2010,0.615582553
"978","Delaware 0",2010,0.626349479
"979","Florida 1",2010,0.293545853
"980","Florida 2",2010,0.343091555
"981","Florida 3",2010,0.398128191
"982","Florida 4",2010,0.305446175
"983","Florida 5",2010,0.406579488
"984","Florida 6",2010,0.492374728
"985","Florida 7",2010,0.364953988
"986","Florida 8",2010,0.43799556
"987","Florida 9",2010,NA
"988","Florida 10",2010,NA
"989","Florida 11",2010,NA
"990","Florida 12",2010,0.291468853
"991","Florida 13",2010,NA
"992","Florida 14",2010,0.23804039
"993","Florida 15",2010,0.291468853
"994","Florida 16",2010,NA
"995","Florida 17",2010,NA
"996","Florida 18",2010,0.341058227
"997","Florida 19",2010,NA
"998","Florida 20",2010,NA
"999","Florida 21",2010,NA
"1000","Florida 22",2010,NA
"1001","Florida 23",2010,NA
"1002","Florida 24",2010,0.417170191
"1003","Florida 25",2010,0.341058227
"1004","Florida 26",2010,NA
"1005","Florida 27",2010,NA
"1006","Georgia 1",2010,NA
"1007","Georgia 2",2010,NA
"1008","Georgia 3",2010,NA
"1009","Georgia 4",2010,NA
"1010","Georgia 5",2010,NA
"1011","Georgia 6",2010,NA
"1012","Georgia 7",2010,NA
"1013","Georgia 8",2010,NA
"1014","Georgia 9",2010,NA
"1015","Georgia 10",2010,NA
"1016","Georgia 11",2010,NA
"1017","Georgia 12",2010,NA
"1018","Georgia 13",2010,NA
"1019","Georgia 14",2010,NA
"1020","Hawaii 1",2010,NA
"1021","Hawaii 2",2010,NA
"1022","Idaho 1",2010,0.394718883
"1023","Idaho 2",2010,0.525902966
"1024","Illinois 1",2010,NA
"1025","Illinois 2",2010,NA
"1026","Illinois 3",2010,NA
"1027","Illinois 4",2010,NA
"1028","Illinois 5",2010,NA
"1029","Illinois 6",2010,NA
"1030","Illinois 7",2010,NA
"1031","Illinois 8",2010,0.67276478
"1032","Illinois 9",2010,NA
"1033","Illinois 10",2010,0.67276478
"1034","Illinois 11",2010,NA
"1035","Illinois 12",2010,0.549291342
"1036","Illinois 13",2010,NA
"1037","Illinois 14",2010,0.454634224
"1038","Illinois 15",2010,0.441875742
"1039","Illinois 16",2010,0.397972165
"1040","Illinois 17",2010,0.446341475
"1041","Illinois 18",2010,0.426640837
"1042","Illinois 19",2010,0.525171476
"1043","Indiana 1",2010,0.531609639
"1044","Indiana 2",2010,0.530997238
"1045","Indiana 3",2010,NA
"1046","Indiana 4",2010,0.627310749
"1047","Indiana 5",2010,0.627385369
"1048","Indiana 6",2010,0.613187705
"1049","Indiana 7",2010,0.445192308
"1050","Indiana 8",2010,0.496396517
"1051","Indiana 9",2010,0.564570593
"1052","Iowa 1",2010,0.33069216
"1053","Iowa 2",2010,0.447428459
"1054","Iowa 3",2010,0.303093172
"1055","Iowa 4",2010,0.346059716
"1056","Iowa 5",2010,0.387038292
"1057","Kansas 1",2010,0.359192993
"1058","Kansas 2",2010,0.537680708
"1059","Kansas 3",2010,0.288050615
"1060","Kansas 4",2010,0.375129601
"1061","Kentucky 1",2010,0.256719599
"1062","Kentucky 2",2010,0.361751904
"1063","Kentucky 3",2010,0.364627434
"1064","Kentucky 4",2010,0.175894988
"1065","Kentucky 5",2010,0.321213707
"1066","Kentucky 6",2010,0.428511606
"1067","Louisiana 1",2010,0.505241861
"1068","Louisiana 2",2010,NA
"1069","Louisiana 3",2010,NA
"1070","Louisiana 4",2010,NA
"1071","Louisiana 5",2010,0.579932368
"1072","Louisiana 6",2010,NA
"1073","Louisiana 7",2010,NA
"1074","Maine 1",2010,NA
"1075","Maine 2",2010,0.440298289
"1076","Maryland 1",2010,0.570101878
"1077","Maryland 2",2010,NA
"1078","Maryland 3",2010,NA
"1079","Maryland 4",2010,NA
"1080","Maryland 5",2010,NA
"1081","Maryland 6",2010,NA
"1082","Maryland 7",2010,NA
"1083","Maryland 8",2010,NA
"1084","Massachusetts 1",2010,NA
"1085","Massachusetts 2",2010,NA
"1086","Massachusetts 3",2010,NA
"1087","Massachusetts 4",2010,NA
"1088","Massachusetts 5",2010,NA
"1089","Massachusetts 6",2010,NA
"1090","Massachusetts 7",2010,NA
"1091","Massachusetts 8",2010,NA
"1092","Massachusetts 9",2010,NA
"1093","Massachusetts 10",2010,NA
"1094","Michigan 1",2010,0.530001617
"1095","Michigan 2",2010,0.612922173
"1096","Michigan 3",2010,NA
"1097","Michigan 4",2010,NA
"1098","Michigan 5",2010,NA
"1099","Michigan 6",2010,0.456576305
"1100","Michigan 7",2010,0.478086194
"1101","Michigan 8",2010,NA
"1102","Michigan 9",2010,NA
"1103","Michigan 10",2010,NA
"1104","Michigan 11",2010,NA
"1105","Michigan 12",2010,NA
"1106","Michigan 13",2010,NA
"1107","Michigan 14",2010,NA
"1108","Michigan 15",2010,NA
"1109","Minnesota 1",2010,0.320334894
"1110","Minnesota 2",2010,0.585029263
"1111","Minnesota 3",2010,NA
"1112","Minnesota 4",2010,0.672512788
"1113","Minnesota 5",2010,NA
"1114","Minnesota 6",2010,0.63717262
"1115","Minnesota 7",2010,0.496066444
"1116","Minnesota 8",2010,NA
"1117","Mississippi 1",2010,0.464316507
"1118","Mississippi 2",2010,0.490814176
"1119","Mississippi 3",2010,0.373063225
"1120","Mississippi 4",2010,0.530210411
"1121","Missouri 1",2010,NA
"1122","Missouri 2",2010,0.34622003
"1123","Missouri 3",2010,0.422036399
"1124","Missouri 4",2010,NA
"1125","Missouri 5",2010,NA
"1126","Missouri 6",2010,NA
"1127","Missouri 7",2010,NA
"1128","Missouri 8",2010,0.3358253
"1129","Missouri 9",2010,NA
"1130","Montana 0",2010,0.297627758
"1131","Nebraska 1",2010,NA
"1132","Nebraska 2",2010,0.421512087
"1133","Nebraska 3",2010,0.256944444
"1134","Nevada 1",2010,NA
"1135","Nevada 2",2010,NA
"1136","Nevada 3",2010,NA
"1137","Nevada 4",2010,NA
"1138","New Hampshire 1",2010,NA
"1139","New Hampshire 2",2010,NA
"1140","New Jersey 1",2010,NA
"1141","New Jersey 2",2010,NA
"1142","New Jersey 3",2010,NA
"1143","New Jersey 4",2010,NA
"1144","New Jersey 5",2010,NA
"1145","New Jersey 6",2010,0.287719298
"1146","New Jersey 7",2010,0.287719298
"1147","New Jersey 8",2010,NA
"1148","New Jersey 9",2010,NA
"1149","New Jersey 10",2010,0.287719298
"1150","New Jersey 11",2010,NA
"1151","New Jersey 12",2010,NA
"1152","New Jersey 13",2010,0.287719298
"1153","New Mexico 1",2010,NA
"1154","New Mexico 2",2010,NA
"1155","New Mexico 3",2010,NA
"1156","New York 1",2010,NA
"1157","New York 2",2010,NA
"1158","New York 3",2010,NA
"1159","New York 4",2010,NA
"1160","New York 5",2010,NA
"1161","New York 6",2010,NA
"1162","New York 7",2010,NA
"1163","New York 8",2010,NA
"1164","New York 9",2010,NA
"1165","New York 10",2010,NA
"1166","New York 11",2010,NA
"1167","New York 12",2010,NA
"1168","New York 13",2010,0.507142101
"1169","New York 14",2010,NA
"1170","New York 15",2010,NA
"1171","New York 16",2010,NA
"1172","New York 17",2010,NA
"1173","New York 18",2010,NA
"1174","New York 19",2010,0.726446482
"1175","New York 20",2010,0.588301229
"1176","New York 21",2010,0.442928604
"1177","New York 22",2010,0.726446482
"1178","New York 23",2010,0.49553461
"1179","New York 24",2010,NA
"1180","New York 25",2010,0.456466627
"1181","New York 26",2010,NA
"1182","New York 27",2010,NA
"1183","New York 28",2010,NA
"1184","New York 29",2010,NA
"1185","North Carolina 1",2010,NA
"1186","North Carolina 2",2010,NA
"1187","North Carolina 3",2010,NA
"1188","North Carolina 4",2010,NA
"1189","North Carolina 5",2010,NA
"1190","North Carolina 6",2010,NA
"1191","North Carolina 7",2010,NA
"1192","North Carolina 8",2010,NA
"1193","North Carolina 9",2010,NA
"1194","North Carolina 10",2010,0.308441558
"1195","North Carolina 11",2010,NA
"1196","North Carolina 12",2010,NA
"1197","North Carolina 13",2010,NA
"1198","North Dakota 0",2010,0.453229733
"1199","Ohio 1",2010,NA
"1200","Ohio 2",2010,NA
"1201","Ohio 3",2010,NA
"1202","Ohio 4",2010,0.312845493
"1203","Ohio 5",2010,NA
"1204","Ohio 6",2010,0.273733236
"1205","Ohio 7",2010,NA
"1206","Ohio 8",2010,NA
"1207","Ohio 9",2010,0.381915846
"1208","Ohio 10",2010,NA
"1209","Ohio 11",2010,NA
"1210","Ohio 12",2010,0.331032687
"1211","Ohio 13",2010,NA
"1212","Ohio 14",2010,NA
"1213","Ohio 15",2010,NA
"1214","Ohio 16",2010,NA
"1215","Ohio 17",2010,NA
"1216","Ohio 18",2010,0.25203252
"1217","Oklahoma 1",2010,0.615526953
"1218","Oklahoma 2",2010,NA
"1219","Oklahoma 3",2010,0.514413601
"1220","Oklahoma 4",2010,0.455544456
"1221","Oklahoma 5",2010,NA
"1222","Oregon 1",2010,0.476646556
"1223","Oregon 2",2010,0.388812779
"1224","Oregon 3",2010,NA
"1225","Oregon 4",2010,NA
"1226","Oregon 5",2010,NA
"1227","Pennsylvania 1",2010,NA
"1228","Pennsylvania 2",2010,NA
"1229","Pennsylvania 3",2010,NA
"1230","Pennsylvania 4",2010,NA
"1231","Pennsylvania 5",2010,NA
"1232","Pennsylvania 6",2010,NA
"1233","Pennsylvania 7",2010,NA
"1234","Pennsylvania 8",2010,NA
"1235","Pennsylvania 9",2010,NA
"1236","Pennsylvania 10",2010,NA
"1237","Pennsylvania 11",2010,NA
"1238","Pennsylvania 12",2010,0.601010101
"1239","Pennsylvania 13",2010,NA
"1240","Pennsylvania 14",2010,NA
"1241","Pennsylvania 15",2010,NA
"1242","Pennsylvania 16",2010,NA
"1243","Pennsylvania 17",2010,NA
"1244","Pennsylvania 18",2010,0.601010101
"1245","Pennsylvania 19",2010,NA
"1246","Rhode Island 1",2010,NA
"1247","Rhode Island 2",2010,NA
"1248","South Carolina 1",2010,NA
"1249","South Carolina 2",2010,NA
"1250","South Carolina 3",2010,NA
"1251","South Carolina 4",2010,0.429441356
"1252","South Carolina 5",2010,NA
"1253","South Carolina 6",2010,NA
"1254","South Carolina 7",2010,NA
"1255","South Dakota 0",2010,0.354899317
"1256","Tennessee 1",2010,0.407785059
"1257","Tennessee 2",2010,0.270710059
"1258","Tennessee 3",2010,0.442302428
"1259","Tennessee 4",2010,0.420383971
"1260","Tennessee 5",2010,0.329582488
"1261","Tennessee 6",2010,0.304510605
"1262","Tennessee 7",2010,0.318479009
"1263","Tennessee 8",2010,0.241922892
"1264","Tennessee 9",2010,0.277493188
"1265","Texas 1",2010,NA
"1266","Texas 2",2010,NA
"1267","Texas 3",2010,NA
"1268","Texas 4",2010,NA
"1269","Texas 5",2010,NA
"1270","Texas 6",2010,NA
"1271","Texas 7",2010,NA
"1272","Texas 8",2010,NA
"1273","Texas 9",2010,NA
"1274","Texas 10",2010,0.215917843
"1275","Texas 11",2010,NA
"1276","Texas 12",2010,NA
"1277","Texas 13",2010,NA
"1278","Texas 14",2010,NA
"1279","Texas 15",2010,NA
"1280","Texas 16",2010,NA
"1281","Texas 17",2010,NA
"1282","Texas 18",2010,NA
"1283","Texas 19",2010,NA
"1284","Texas 20",2010,NA
"1285","Texas 21",2010,NA
"1286","Texas 22",2010,NA
"1287","Texas 23",2010,NA
"1288","Texas 24",2010,NA
"1289","Texas 25",2010,NA
"1290","Texas 26",2010,NA
"1291","Texas 27",2010,NA
"1292","Texas 28",2010,NA
"1293","Texas 29",2010,NA
"1294","Texas 30",2010,NA
"1295","Texas 31",2010,NA
"1296","Texas 32",2010,NA
"1297","Texas 33",2010,NA
"1298","Texas 34",2010,NA
"1299","Texas 35",2010,NA
"1300","Texas 36",2010,NA
"1301","Utah 1",2010,NA
"1302","Utah 2",2010,0.709775967
"1303","Utah 3",2010,NA
"1304","Utah 4",2010,NA
"1305","Vermont 0",2010,0.395474907
"1306","Virginia 1",2010,NA
"1307","Virginia 2",2010,NA
"1308","Virginia 3",2010,NA
"1309","Virginia 4",2010,NA
"1310","Virginia 5",2010,0.377301853
"1311","Virginia 6",2010,NA
"1312","Virginia 7",2010,NA
"1313","Virginia 8",2010,NA
"1314","Virginia 9",2010,NA
"1315","Virginia 10",2010,NA
"1316","Virginia 11",2010,NA
"1317","Washington 1",2010,NA
"1318","Washington 2",2010,NA
"1319","Washington 3",2010,0.327091136
"1320","Washington 4",2010,0.23857868
"1321","Washington 5",2010,0.455269608
"1322","Washington 6",2010,0.495400951
"1323","Washington 7",2010,NA
"1324","Washington 8",2010,NA
"1325","Washington 9",2010,NA
"1326","Washington 10",2010,NA
"1327","West Virginia 1",2010,0.576315311
"1328","West Virginia 2",2010,0.522984612
"1329","West Virginia 3",2010,0.550793745
"1330","Wisconsin 1",2010,NA
"1331","Wisconsin 2",2010,NA
"1332","Wisconsin 3",2010,NA
"1333","Wisconsin 4",2010,NA
"1334","Wisconsin 5",2010,NA
"1335","Wisconsin 6",2010,NA
"1336","Wisconsin 7",2010,NA
"1337","Wisconsin 8",2010,NA
"1338","Alabama 1",2016,0.381724873
"1339","Alabama 2",2016,0.419044159
"1340","Alabama 3",2016,0.468938495
"1341","Alabama 4",2016,0.224703212
"1342","Alabama 5",2016,0.356304314
"1343","Alabama 6",2016,0.420412134
"1344","Alabama 7",2016,0.528870156
"1345","Arizona 1",2016,0.43368944
"1346","Arizona 2",2016,0.429787361
"1347","Arizona 3",2016,0.438797679
"1348","Arizona 4",2016,0.438797679
"1349","Arizona 5",2016,0.438797679
"1350","Arizona 6",2016,0.436733064
"1351","Arizona 7",2016,0.457491062
"1352","Arizona 8",2016,0.497771413
"1353","Arizona 9",2016,NA
"1354","Arkansas 1",2016,0.363115241
"1355","Arkansas 2",2016,0.436438188
"1356","Arkansas 3",2016,0.321825417
"1357","Arkansas 4",2016,0.389008941
"1358","California 1",2016,0.685783757
"1359","California 2",2016,0.466282285
"1360","California 3",2016,0.587944725
"1361","California 4",2016,0.507320632
"1362","California 5",2016,0.583663145
"1363","California 6",2016,0.741492394
"1364","California 7",2016,0.664042241
"1365","California 8",2016,0.862632886
"1366","California 9",2016,0.807658627
"1367","California 10",2016,0.697936769
"1368","California 11",2016,0.722268037
"1369","California 12",2016,0.809000156
"1370","California 13",2016,0.807658627
"1371","California 14",2016,0.725889552
"1372","California 15",2016,0.71569854
"1373","California 16",2016,0.71569854
"1374","California 17",2016,0.715561029
"1375","California 18",2016,0.505021747
"1376","California 19",2016,0.47937681
"1377","California 20",2016,0.438904477
"1378","California 21",2016,0.463209894
"1379","California 22",2016,0.677058491
"1380","California 23",2016,0.539011256
"1381","California 24",2016,0.548571457
"1382","California 25",2016,0.672419585
"1383","California 26",2016,0.673149146
"1384","California 27",2016,0.705029674
"1385","California 28",2016,0.705029674
"1386","California 29",2016,0.705029674
"1387","California 30",2016,0.705029674
"1388","California 31",2016,0.705029674
"1389","California 32",2016,0.705029674
"1390","California 33",2016,0.705029674
"1391","California 34",2016,0.705029674
"1392","California 35",2016,0.705029674
"1393","California 36",2016,0.705029674
"1394","California 37",2016,0.705029674
"1395","California 38",2016,0.705029674
"1396","California 39",2016,0.705029674
"1397","California 40",2016,0.45768618
"1398","California 41",2016,0.511962808
"1399","California 42",2016,0.61783541
"1400","California 43",2016,0.5276473
"1401","California 44",2016,0.472413662
"1402","California 45",2016,0.497860656
"1403","California 46",2016,0.631741085
"1404","California 47",2016,0.45768618
"1405","California 48",2016,0.45768618
"1406","California 49",2016,0.515082227
"1407","California 50",2016,0.526027235
"1408","California 51",2016,0.529504795
"1409","California 52",2016,0.526027235
"1410","California 53",2016,0.526027235
"1411","Colorado 1",2016,NA
"1412","Colorado 2",2016,NA
"1413","Colorado 3",2016,NA
"1414","Colorado 4",2016,NA
"1415","Colorado 5",2016,NA
"1416","Colorado 6",2016,NA
"1417","Colorado 7",2016,NA
"1418","Connecticut 1",2016,NA
"1419","Connecticut 2",2016,NA
"1420","Connecticut 3",2016,NA
"1421","Connecticut 4",2016,NA
"1422","Connecticut 5",2016,NA
"1423","Delaware 0",2016,0.594444431
"1424","Florida 1",2016,NA
"1425","Florida 2",2016,NA
"1426","Florida 3",2016,NA
"1427","Florida 4",2016,NA
"1428","Florida 5",2016,NA
"1429","Florida 6",2016,NA
"1430","Florida 7",2016,NA
"1431","Florida 8",2016,NA
"1432","Florida 9",2016,NA
"1433","Florida 10",2016,NA
"1434","Florida 11",2016,NA
"1435","Florida 12",2016,NA
"1436","Florida 13",2016,NA
"1437","Florida 14",2016,NA
"1438","Florida 15",2016,NA
"1439","Florida 16",2016,NA
"1440","Florida 17",2016,NA
"1441","Florida 18",2016,NA
"1442","Florida 19",2016,NA
"1443","Florida 20",2016,NA
"1444","Florida 21",2016,NA
"1445","Florida 22",2016,NA
"1446","Florida 23",2016,NA
"1447","Florida 24",2016,NA
"1448","Florida 25",2016,NA
"1449","Florida 26",2016,NA
"1450","Florida 27",2016,NA
"1451","Georgia 1",2016,NA
"1452","Georgia 2",2016,NA
"1453","Georgia 3",2016,NA
"1454","Georgia 4",2016,NA
"1455","Georgia 5",2016,NA
"1456","Georgia 6",2016,NA
"1457","Georgia 7",2016,NA
"1458","Georgia 8",2016,NA
"1459","Georgia 9",2016,NA
"1460","Georgia 10",2016,NA
"1461","Georgia 11",2016,NA
"1462","Georgia 12",2016,NA
"1463","Georgia 13",2016,NA
"1464","Georgia 14",2016,NA
"1465","Hawaii 1",2016,0.698140166
"1466","Hawaii 2",2016,0.709571551
"1467","Idaho 1",2016,0.380523393
"1468","Idaho 2",2016,0.336212994
"1469","Illinois 1",2016,0.750196916
"1470","Illinois 2",2016,0.723886028
"1471","Illinois 3",2016,0.750196916
"1472","Illinois 4",2016,0.750196916
"1473","Illinois 5",2016,0.750196916
"1474","Illinois 6",2016,0.708741308
"1475","Illinois 7",2016,0.750196916
"1476","Illinois 8",2016,0.708412833
"1477","Illinois 9",2016,0.750196916
"1478","Illinois 10",2016,0.723531354
"1479","Illinois 11",2016,0.48468597
"1480","Illinois 12",2016,0.495768943
"1481","Illinois 13",2016,0.690443956
"1482","Illinois 14",2016,0.506439105
"1483","Illinois 15",2016,0.425201811
"1484","Illinois 16",2016,0.493675715
"1485","Illinois 17",2016,0.483116497
"1486","Illinois 18",2016,0.445785359
"1487","Illinois 19",2016,0.405120308
"1488","Indiana 1",2016,0.602141884
"1489","Indiana 2",2016,0.463299154
"1490","Indiana 3",2016,0.368012693
"1491","Indiana 4",2016,0.498074171
"1492","Indiana 5",2016,0.47378422
"1493","Indiana 6",2016,0.392551493
"1494","Indiana 7",2016,0.612829738
"1495","Indiana 8",2016,0.396143833
"1496","Indiana 9",2016,0.422320571
"1497","Iowa 1",2016,0.571385451
"1498","Iowa 2",2016,0.589983339
"1499","Iowa 3",2016,0.543020855
"1500","Iowa 4",2016,0.508540144
"1501","Iowa 5",2016,0.416435102
"1502","Kansas 1",2016,0.265579075
"1503","Kansas 2",2016,0.428655324
"1504","Kansas 3",2016,0.473624152
"1505","Kansas 4",2016,0.368991381
"1506","Kentucky 1",2016,0.320661777
"1507","Kentucky 2",2016,0.465212007
"1508","Kentucky 3",2016,0.556412686
"1509","Kentucky 4",2016,0.361909656
"1510","Kentucky 5",2016,0.231631912
"1511","Kentucky 6",2016,0.415319244
"1512","Louisiana 1",2016,0.481939124
"1513","Louisiana 2",2016,0.600932338
"1514","Louisiana 3",2016,0.381487204
"1515","Louisiana 4",2016,0.398072075
"1516","Louisiana 5",2016,0.380722242
"1517","Louisiana 6",2016,0.437191788
"1518","Louisiana 7",2016,0.335519582
"1519","Maine 1",2016,0.604534585
"1520","Maine 2",2016,0.548171192
"1521","Maryland 1",2016,0.502076636
"1522","Maryland 2",2016,0.612707298
"1523","Maryland 3",2016,0.638082093
"1524","Maryland 4",2016,0.808334817
"1525","Maryland 5",2016,0.699562661
"1526","Maryland 6",2016,0.566437479
"1527","Maryland 7",2016,0.685030889
"1528","Maryland 8",2016,0.808334817
"1529","Massachusetts 1",2016,0.627131456
"1530","Massachusetts 2",2016,0.589812313
"1531","Massachusetts 3",2016,0.60157009
"1532","Massachusetts 4",2016,0.60080399
"1533","Massachusetts 5",2016,0.601202318
"1534","Massachusetts 6",2016,0.618946146
"1535","Massachusetts 7",2016,0.678537111
"1536","Massachusetts 8",2016,0.678537111
"1537","Massachusetts 9",2016,0.623892881
"1538","Massachusetts 10",2016,0.567238946
"1539","Michigan 1",2016,0.470071208
"1540","Michigan 2",2016,0.443498288
"1541","Michigan 3",2016,0.454171401
"1542","Michigan 4",2016,0.486731201
"1543","Michigan 5",2016,0.592120334
"1544","Michigan 6",2016,0.496488764
"1545","Michigan 7",2016,0.562759556
"1546","Michigan 8",2016,0.534027052
"1547","Michigan 9",2016,0.540679321
"1548","Michigan 10",2016,0.499929823
"1549","Michigan 11",2016,0.649265517
"1550","Michigan 12",2016,0.53281765
"1551","Michigan 13",2016,0.735935087
"1552","Michigan 14",2016,0.735935087
"1553","Michigan 15",2016,0.711154004
"1554","Minnesota 1",2016,0.504970208
"1555","Minnesota 2",2016,0.570214827
"1556","Minnesota 3",2016,0.605831747
"1557","Minnesota 4",2016,0.583176963
"1558","Minnesota 5",2016,0.624001188
"1559","Minnesota 6",2016,0.582190847
"1560","Minnesota 7",2016,0.45308997
"1561","Minnesota 8",2016,0.531015479
"1562","Mississippi 1",2016,0.384630566
"1563","Mississippi 2",2016,0.634363963
"1564","Mississippi 3",2016,0.467130788
"1565","Mississippi 4",2016,0.320725814
"1566","Missouri 1",2016,0.626059948
"1567","Missouri 2",2016,0.518065418
"1568","Missouri 3",2016,0.600605639
"1569","Missouri 4",2016,0.46070889
"1570","Missouri 5",2016,0.563353879
"1571","Missouri 6",2016,0.506509211
"1572","Missouri 7",2016,0.310074937
"1573","Missouri 8",2016,0.307384408
"1574","Missouri 9",2016,0.386321504
"1575","Montana 0",2016,0.430730262
"1576","Nebraska 1",2016,0.408983987
"1577","Nebraska 2",2016,0.454757215
"1578","Nebraska 3",2016,0.266101543
"1579","Nevada 1",2016,0.573761352
"1580","Nevada 2",2016,0.533483384
"1581","Nevada 3",2016,0.573761352
"1582","Nevada 4",2016,NA
"1583","New Hampshire 1",2016,0.511557981
"1584","New Hampshire 2",2016,0.524788745
"1585","New Jersey 1",2016,0.618691058
"1586","New Jersey 2",2016,0.599738147
"1587","New Jersey 3",2016,0.55481966
"1588","New Jersey 4",2016,0.518589441
"1589","New Jersey 5",2016,0.550754275
"1590","New Jersey 6",2016,0.577627637
"1591","New Jersey 7",2016,0.603215075
"1592","New Jersey 8",2016,0.727234334
"1593","New Jersey 9",2016,0.632039237
"1594","New Jersey 10",2016,0.746183215
"1595","New Jersey 11",2016,0.601317708
"1596","New Jersey 12",2016,0.56157358
"1597","New Jersey 13",2016,0.713190181
"1598","New Mexico 1",2016,0.599838754
"1599","New Mexico 2",2016,0.537697483
"1600","New Mexico 3",2016,0.590541363
"1601","New York 1",2016,0.514491424
"1602","New York 2",2016,0.523341365
"1603","New York 3",2016,0.523341365
"1604","New York 4",2016,0.533696507
"1605","New York 5",2016,0.670650228
"1606","New York 6",2016,0.794911391
"1607","New York 7",2016,0.841660706
"1608","New York 8",2016,0.835828913
"1609","New York 9",2016,0.810038526
"1610","New York 10",2016,0.822477084
"1611","New York 11",2016,0.822477084
"1612","New York 12",2016,0.823003342
"1613","New York 13",2016,0.765306054
"1614","New York 14",2016,0.823327535
"1615","New York 15",2016,0.845721656
"1616","New York 16",2016,0.916410853
"1617","New York 17",2016,0.73479248
"1618","New York 18",2016,0.589735455
"1619","New York 19",2016,0.559551351
"1620","New York 20",2016,0.524410143
"1621","New York 21",2016,0.568754806
"1622","New York 22",2016,0.547679629
"1623","New York 23",2016,0.52296883
"1624","New York 24",2016,0.517877777
"1625","New York 25",2016,0.58508962
"1626","New York 26",2016,0.559791258
"1627","New York 27",2016,0.566116611
"1628","New York 28",2016,0.572009647
"1629","New York 29",2016,0.540073163
"1630","North Carolina 1",2016,0.53236464
"1631","North Carolina 2",2016,0.52703736
"1632","North Carolina 3",2016,0.446352859
"1633","North Carolina 4",2016,0.605920869
"1634","North Carolina 5",2016,0.409867963
"1635","North Carolina 6",2016,0.44938785
"1636","North Carolina 7",2016,0.505413396
"1637","North Carolina 8",2016,0.544996584
"1638","North Carolina 9",2016,0.539254356
"1639","North Carolina 10",2016,0.349343812
"1640","North Carolina 11",2016,0.442935977
"1641","North Carolina 12",2016,0.543206507
"1642","North Carolina 13",2016,0.540835564
"1643","North Dakota 0",2016,0.39890924
"1644","Ohio 1",2016,0.479335707
"1645","Ohio 2",2016,0.451685792
"1646","Ohio 3",2016,0.440644656
"1647","Ohio 4",2016,0.365211091
"1648","Ohio 5",2016,0.507377995
"1649","Ohio 6",2016,0.521526755
"1650","Ohio 7",2016,0.548531385
"1651","Ohio 8",2016,0.421020177
"1652","Ohio 9",2016,0.609946091
"1653","Ohio 10",2016,0.695298202
"1654","Ohio 11",2016,0.695298202
"1655","Ohio 12",2016,0.552491044
"1656","Ohio 13",2016,0.630587047
"1657","Ohio 14",2016,0.618683286
"1658","Ohio 15",2016,0.592866472
"1659","Ohio 16",2016,0.454965434
"1660","Ohio 17",2016,0.589178845
"1661","Ohio 18",2016,0.452506412
"1662","Oklahoma 1",2016,0.32988157
"1663","Oklahoma 2",2016,0.320715731
"1664","Oklahoma 3",2016,0.258991852
"1665","Oklahoma 4",2016,0.3098543
"1666","Oklahoma 5",2016,0.316769784
"1667","Oregon 1",2016,0.682750696
"1668","Oregon 2",2016,0.412754741
"1669","Oregon 3",2016,0.690134497
"1670","Oregon 4",2016,0.522677738
"1671","Oregon 5",2016,0.641101098
"1672","Pennsylvania 1",2016,0.785502629
"1673","Pennsylvania 2",2016,0.749846129
"1674","Pennsylvania 3",2016,0.444191457
"1675","Pennsylvania 4",2016,0.50378478
"1676","Pennsylvania 5",2016,0.378510647
"1677","Pennsylvania 6",2016,0.535161927
"1678","Pennsylvania 7",2016,0.56360269
"1679","Pennsylvania 8",2016,0.678581348
"1680","Pennsylvania 9",2016,0.362460594
"1681","Pennsylvania 10",2016,0.476799401
"1682","Pennsylvania 11",2016,0.528180328
"1683","Pennsylvania 12",2016,0.494574071
"1684","Pennsylvania 13",2016,0.749846129
"1685","Pennsylvania 14",2016,0.57313052
"1686","Pennsylvania 15",2016,0.544456584
"1687","Pennsylvania 16",2016,0.464458454
"1688","Pennsylvania 17",2016,0.47140477
"1689","Pennsylvania 18",2016,0.516749047
"1690","Pennsylvania 19",2016,0.379125729
"1691","Rhode Island 1",2016,0.660626752
"1692","Rhode Island 2",2016,0.645063551
"1693","South Carolina 1",2016,NA
"1694","South Carolina 2",2016,NA
"1695","South Carolina 3",2016,NA
"1696","South Carolina 4",2016,NA
"1697","South Carolina 5",2016,NA
"1698","South Carolina 6",2016,NA
"1699","South Carolina 7",2016,NA
"1700","South Dakota 0",2016,0.407809208
"1701","Tennessee 1",2016,0.260518901
"1702","Tennessee 2",2016,0.305374487
"1703","Tennessee 3",2016,0.346020226
"1704","Tennessee 4",2016,0.29809516
"1705","Tennessee 5",2016,0.529124168
"1706","Tennessee 6",2016,0.327387309
"1707","Tennessee 7",2016,0.529115614
"1708","Tennessee 8",2016,0.529573737
"1709","Tennessee 9",2016,0.631432246
"1710","Texas 1",2016,0.273443896
"1711","Texas 2",2016,0.496052417
"1712","Texas 3",2016,0.506865849
"1713","Texas 4",2016,0.303237118
"1714","Texas 5",2016,0.522719226
"1715","Texas 6",2016,0.396521902
"1716","Texas 7",2016,0.500249932
"1717","Texas 8",2016,0.215485613
"1718","Texas 9",2016,0.494810392
"1719","Texas 10",2016,0.520192731
"1720","Texas 11",2016,0.207809965
"1721","Texas 12",2016,0.394540691
"1722","Texas 13",2016,0.191193039
"1723","Texas 14",2016,0.385760357
"1724","Texas 15",2016,0.632448974
"1725","Texas 16",2016,0.665163813
"1726","Texas 17",2016,0.283497541
"1727","Texas 18",2016,0.500249932
"1728","Texas 19",2016,0.246186464
"1729","Texas 20",2016,0.523148754
"1730","Texas 21",2016,0.527660789
"1731","Texas 22",2016,0.474943365
"1732","Texas 23",2016,0.553951857
"1733","Texas 24",2016,0.479396172
"1734","Texas 25",2016,0.563523287
"1735","Texas 26",2016,0.476466081
"1736","Texas 27",2016,0.548979693
"1737","Texas 28",2016,0.558632716
"1738","Texas 29",2016,0.500249932
"1739","Texas 30",2016,0.578014047
"1740","Texas 31",2016,0.379012712
"1741","Texas 32",2016,0.578014047
"1742","Texas 33",2016,NA
"1743","Texas 34",2016,NA
"1744","Texas 35",2016,NA
"1745","Texas 36",2016,NA
"1746","Utah 1",2016,NA
"1747","Utah 2",2016,NA
"1748","Utah 3",2016,NA
"1749","Utah 4",2016,NA
"1750","Vermont 0",2016,0.682489665
"1751","Virginia 1",2016,0.53124409
"1752","Virginia 2",2016,0.585814346
"1753","Virginia 3",2016,0.635135113
"1754","Virginia 4",2016,0.498744218
"1755","Virginia 5",2016,0.457955914
"1756","Virginia 6",2016,0.394125089
"1757","Virginia 7",2016,0.511732963
"1758","Virginia 8",2016,0.634034266
"1759","Virginia 9",2016,0.354571543
"1760","Virginia 10",2016,0.558579007
"1761","Virginia 11",2016,0.594389232
"1762","Washington 1",2016,0.663208127
"1763","Washington 2",2016,0.656822732
"1764","Washington 3",2016,0.524481811
"1765","Washington 4",2016,0.389063276
"1766","Washington 5",2016,0.44332533
"1767","Washington 6",2016,0.556225858
"1768","Washington 7",2016,0.704080123
"1769","Washington 8",2016,0.663278335
"1770","Washington 9",2016,0.657720946
"1771","Washington 10",2016,NA
"1772","West Virginia 1",2016,0.363357761
"1773","West Virginia 2",2016,0.387459035
"1774","West Virginia 3",2016,0.332106008
"1775","Wisconsin 1",2016,0.553691844
"1776","Wisconsin 2",2016,0.639055848
"1777","Wisconsin 3",2016,0.546512169
"1778","Wisconsin 4",2016,0.674360766
"1779","Wisconsin 5",2016,0.518768842
"1780","Wisconsin 6",2016,0.471164134
"1781","Wisconsin 7",2016,0.505057709
"1782","Wisconsin 8",2016,0.480118689
"1783","#N/A",2016,0.520096714
"1784","Alabama 1",2012,0.390788721
"1785","Alabama 2",2012,0.407023755
"1786","Alabama 3",2012,0.456924713
"1787","Alabama 4",2012,0.239855583
"1788","Alabama 5",2012,0.369056549
"1789","Alabama 6",2012,0.425701714
"1790","Alabama 7",2012,0.522854019
"1791","Arizona 1",2012,0.441068198
"1792","Arizona 2",2012,0.439814685
"1793","Arizona 3",2012,0.445441423
"1794","Arizona 4",2012,0.445441423
"1795","Arizona 5",2012,0.445441423
"1796","Arizona 6",2012,0.443988399
"1797","Arizona 7",2012,0.463122196
"1798","Arizona 8",2012,0.502409117
"1799","Arizona 9",2012,NA
"1800","Arkansas 1",2012,0.38612868
"1801","Arkansas 2",2012,0.447858288
"1802","Arkansas 3",2012,0.34330547
"1803","Arkansas 4",2012,0.404827686
"1804","California 1",2012,0.704198421
"1805","California 2",2012,0.491594728
"1806","California 3",2012,0.595003484
"1807","California 4",2012,0.534013145
"1808","California 5",2012,0.595243796
"1809","California 6",2012,0.768707659
"1810","California 7",2012,0.681004684
"1811","California 8",2012,0.861222145
"1812","California 9",2012,0.800612436
"1813","California 10",2012,0.695085222
"1814","California 11",2012,0.715546516
"1815","California 12",2012,0.812385074
"1816","California 13",2012,0.800612436
"1817","California 14",2012,0.728845445
"1818","California 15",2012,0.708887172
"1819","California 16",2012,0.708887172
"1820","California 17",2012,0.741661681
"1821","California 18",2012,0.513945638
"1822","California 19",2012,0.489362431
"1823","California 20",2012,0.451172356
"1824","California 21",2012,0.477368999
"1825","California 22",2012,0.676152336
"1826","California 23",2012,0.568007585
"1827","California 24",2012,0.581760902
"1828","California 25",2012,0.675909567
"1829","California 26",2012,0.676560512
"1830","California 27",2012,0.701108324
"1831","California 28",2012,0.701108324
"1832","California 29",2012,0.701108324
"1833","California 30",2012,0.701108324
"1834","California 31",2012,0.701108324
"1835","California 32",2012,0.701108324
"1836","California 33",2012,0.701108324
"1837","California 34",2012,0.701108324
"1838","California 35",2012,0.701108324
"1839","California 36",2012,0.701108324
"1840","California 37",2012,0.701108324
"1841","California 38",2012,0.701108324
"1842","California 39",2012,0.701108324
"1843","California 40",2012,0.480547263
"1844","California 41",2012,0.521613793
"1845","California 42",2012,0.633596425
"1846","California 43",2012,0.526335474
"1847","California 44",2012,0.491708945
"1848","California 45",2012,0.51638991
"1849","California 46",2012,0.646808608
"1850","California 47",2012,0.480547263
"1851","California 48",2012,0.480547263
"1852","California 49",2012,0.538857931
"1853","California 50",2012,0.5478353
"1854","California 51",2012,0.549834176
"1855","California 52",2012,0.5478353
"1856","California 53",2012,0.5478353
"1857","Colorado 1",2012,0.617640259
"1858","Colorado 2",2012,0.586356789
"1859","Colorado 3",2012,0.484451744
"1860","Colorado 4",2012,0.565821216
"1861","Colorado 5",2012,0.403664201
"1862","Colorado 6",2012,0.51998606
"1863","Colorado 7",2012,0.561213788
"1864","Connecticut 1",2012,0.631626475
"1865","Connecticut 2",2012,0.627467803
"1866","Connecticut 3",2012,0.605046349
"1867","Connecticut 4",2012,0.603718328
"1868","Connecticut 5",2012,0.615582553
"1869","Delaware 0",2012,0.626349479
"1870","Florida 1",2012,0.293545853
"1871","Florida 2",2012,0.343091555
"1872","Florida 3",2012,0.398128191
"1873","Florida 4",2012,0.305446175
"1874","Florida 5",2012,0.406579488
"1875","Florida 6",2012,0.492374728
"1876","Florida 7",2012,0.364953988
"1877","Florida 8",2012,0.43799556
"1878","Florida 9",2012,NA
"1879","Florida 10",2012,NA
"1880","Florida 11",2012,NA
"1881","Florida 12",2012,0.291468853
"1882","Florida 13",2012,NA
"1883","Florida 14",2012,0.23804039
"1884","Florida 15",2012,0.291468853
"1885","Florida 16",2012,NA
"1886","Florida 17",2012,NA
"1887","Florida 18",2012,0.341058227
"1888","Florida 19",2012,NA
"1889","Florida 20",2012,NA
"1890","Florida 21",2012,NA
"1891","Florida 22",2012,NA
"1892","Florida 23",2012,NA
"1893","Florida 24",2012,0.417170191
"1894","Florida 25",2012,0.341058227
"1895","Florida 26",2012,NA
"1896","Florida 27",2012,NA
"1897","Georgia 1",2012,NA
"1898","Georgia 2",2012,NA
"1899","Georgia 3",2012,NA
"1900","Georgia 4",2012,NA
"1901","Georgia 5",2012,NA
"1902","Georgia 6",2012,NA
"1903","Georgia 7",2012,NA
"1904","Georgia 8",2012,NA
"1905","Georgia 9",2012,NA
"1906","Georgia 10",2012,NA
"1907","Georgia 11",2012,NA
"1908","Georgia 12",2012,NA
"1909","Georgia 13",2012,NA
"1910","Georgia 14",2012,NA
"1911","Hawaii 1",2012,NA
"1912","Hawaii 2",2012,NA
"1913","Idaho 1",2012,0.394718883
"1914","Idaho 2",2012,0.525902966
"1915","Illinois 1",2012,NA
"1916","Illinois 2",2012,NA
"1917","Illinois 3",2012,NA
"1918","Illinois 4",2012,NA
"1919","Illinois 5",2012,NA
"1920","Illinois 6",2012,NA
"1921","Illinois 7",2012,NA
"1922","Illinois 8",2012,0.67276478
"1923","Illinois 9",2012,NA
"1924","Illinois 10",2012,0.67276478
"1925","Illinois 11",2012,NA
"1926","Illinois 12",2012,0.549291342
"1927","Illinois 13",2012,NA
"1928","Illinois 14",2012,0.454634224
"1929","Illinois 15",2012,0.441875742
"1930","Illinois 16",2012,0.397972165
"1931","Illinois 17",2012,0.446341475
"1932","Illinois 18",2012,0.426640837
"1933","Illinois 19",2012,0.525171476
"1934","Indiana 1",2012,0.531609639
"1935","Indiana 2",2012,0.530997238
"1936","Indiana 3",2012,NA
"1937","Indiana 4",2012,0.627310749
"1938","Indiana 5",2012,0.627385369
"1939","Indiana 6",2012,0.613187705
"1940","Indiana 7",2012,0.445192308
"1941","Indiana 8",2012,0.496396517
"1942","Indiana 9",2012,0.564570593
"1943","Iowa 1",2012,0.33069216
"1944","Iowa 2",2012,0.447428459
"1945","Iowa 3",2012,0.303093172
"1946","Iowa 4",2012,0.346059716
"1947","Iowa 5",2012,0.387038292
"1948","Kansas 1",2012,0.359192993
"1949","Kansas 2",2012,0.537680708
"1950","Kansas 3",2012,0.288050615
"1951","Kansas 4",2012,0.375129601
"1952","Kentucky 1",2012,0.256719599
"1953","Kentucky 2",2012,0.361751904
"1954","Kentucky 3",2012,0.364627434
"1955","Kentucky 4",2012,0.175894988
"1956","Kentucky 5",2012,0.321213707
"1957","Kentucky 6",2012,0.428511606
"1958","Louisiana 1",2012,0.505241861
"1959","Louisiana 2",2012,NA
"1960","Louisiana 3",2012,NA
"1961","Louisiana 4",2012,NA
"1962","Louisiana 5",2012,0.579932368
"1963","Louisiana 6",2012,NA
"1964","Louisiana 7",2012,NA
"1965","Maine 1",2012,NA
"1966","Maine 2",2012,0.440298289
"1967","Maryland 1",2012,0.570101878
"1968","Maryland 2",2012,NA
"1969","Maryland 3",2012,NA
"1970","Maryland 4",2012,NA
"1971","Maryland 5",2012,NA
"1972","Maryland 6",2012,NA
"1973","Maryland 7",2012,NA
"1974","Maryland 8",2012,NA
"1975","Massachusetts 1",2012,NA
"1976","Massachusetts 2",2012,NA
"1977","Massachusetts 3",2012,NA
"1978","Massachusetts 4",2012,NA
"1979","Massachusetts 5",2012,NA
"1980","Massachusetts 6",2012,NA
"1981","Massachusetts 7",2012,NA
"1982","Massachusetts 8",2012,NA
"1983","Massachusetts 9",2012,NA
"1984","Massachusetts 10",2012,NA
"1985","Michigan 1",2012,0.530001617
"1986","Michigan 2",2012,0.612922173
"1987","Michigan 3",2012,NA
"1988","Michigan 4",2012,NA
"1989","Michigan 5",2012,NA
"1990","Michigan 6",2012,0.456576305
"1991","Michigan 7",2012,0.478086194
"1992","Michigan 8",2012,NA
"1993","Michigan 9",2012,NA
"1994","Michigan 10",2012,NA
"1995","Michigan 11",2012,NA
"1996","Michigan 12",2012,NA
"1997","Michigan 13",2012,NA
"1998","Michigan 14",2012,NA
"1999","Michigan 15",2012,NA
"2000","Minnesota 1",2012,0.320334894
"2001","Minnesota 2",2012,0.585029263
"2002","Minnesota 3",2012,NA
"2003","Minnesota 4",2012,0.672512788
"2004","Minnesota 5",2012,NA
"2005","Minnesota 6",2012,0.63717262
"2006","Minnesota 7",2012,0.496066444
"2007","Minnesota 8",2012,NA
"2008","Mississippi 1",2012,0.464316507
"2009","Mississippi 2",2012,0.490814176
"2010","Mississippi 3",2012,0.373063225
"2011","Mississippi 4",2012,0.530210411
"2012","Missouri 1",2012,NA
"2013","Missouri 2",2012,0.34622003
"2014","Missouri 3",2012,0.422036399
"2015","Missouri 4",2012,NA
"2016","Missouri 5",2012,NA
"2017","Missouri 6",2012,NA
"2018","Missouri 7",2012,NA
"2019","Missouri 8",2012,0.3358253
"2020","Missouri 9",2012,NA
"2021","Montana 0",2012,0.297627758
"2022","Nebraska 1",2012,NA
"2023","Nebraska 2",2012,0.421512087
"2024","Nebraska 3",2012,0.256944444
"2025","Nevada 1",2012,NA
"2026","Nevada 2",2012,NA
"2027","Nevada 3",2012,NA
"2028","Nevada 4",2012,NA
"2029","New Hampshire 1",2012,NA
"2030","New Hampshire 2",2012,NA
"2031","New Jersey 1",2012,NA
"2032","New Jersey 2",2012,NA
"2033","New Jersey 3",2012,NA
"2034","New Jersey 4",2012,NA
"2035","New Jersey 5",2012,NA
"2036","New Jersey 6",2012,0.287719298
"2037","New Jersey 7",2012,0.287719298
"2038","New Jersey 8",2012,NA
"2039","New Jersey 9",2012,NA
"2040","New Jersey 10",2012,0.287719298
"2041","New Jersey 11",2012,NA
"2042","New Jersey 12",2012,NA
"2043","New Jersey 13",2012,0.287719298
"2044","New Mexico 1",2012,NA
"2045","New Mexico 2",2012,NA
"2046","New Mexico 3",2012,NA
"2047","New York 1",2012,NA
"2048","New York 2",2012,NA
"2049","New York 3",2012,NA
"2050","New York 4",2012,NA
"2051","New York 5",2012,NA
"2052","New York 6",2012,NA
"2053","New York 7",2012,NA
"2054","New York 8",2012,NA
"2055","New York 9",2012,NA
"2056","New York 10",2012,NA
"2057","New York 11",2012,NA
"2058","New York 12",2012,NA
"2059","New York 13",2012,0.507142101
"2060","New York 14",2012,NA
"2061","New York 15",2012,NA
"2062","New York 16",2012,NA
"2063","New York 17",2012,NA
"2064","New York 18",2012,NA
"2065","New York 19",2012,0.726446482
"2066","New York 20",2012,0.588301229
"2067","New York 21",2012,0.442928604
"2068","New York 22",2012,0.726446482
"2069","New York 23",2012,0.49553461
"2070","New York 24",2012,NA
"2071","New York 25",2012,0.456466627
"2072","New York 26",2012,NA
"2073","New York 27",2012,NA
"2074","New York 28",2012,NA
"2075","New York 29",2012,NA
"2076","North Carolina 1",2012,NA
"2077","North Carolina 2",2012,NA
"2078","North Carolina 3",2012,NA
"2079","North Carolina 4",2012,NA
"2080","North Carolina 5",2012,NA
"2081","North Carolina 6",2012,NA
"2082","North Carolina 7",2012,NA
"2083","North Carolina 8",2012,NA
"2084","North Carolina 9",2012,NA
"2085","North Carolina 10",2012,0.308441558
"2086","North Carolina 11",2012,NA
"2087","North Carolina 12",2012,NA
"2088","North Carolina 13",2012,NA
"2089","North Dakota 0",2012,0.453229733
"2090","Ohio 1",2012,NA
"2091","Ohio 2",2012,NA
"2092","Ohio 3",2012,NA
"2093","Ohio 4",2012,0.312845493
"2094","Ohio 5",2012,NA
"2095","Ohio 6",2012,0.273733236
"2096","Ohio 7",2012,NA
"2097","Ohio 8",2012,NA
"2098","Ohio 9",2012,0.381915846
"2099","Ohio 10",2012,NA
"2100","Ohio 11",2012,NA
"2101","Ohio 12",2012,0.331032687
"2102","Ohio 13",2012,NA
"2103","Ohio 14",2012,NA
"2104","Ohio 15",2012,NA
"2105","Ohio 16",2012,NA
"2106","Ohio 17",2012,NA
"2107","Ohio 18",2012,0.25203252
"2108","Oklahoma 1",2012,0.615526953
"2109","Oklahoma 2",2012,NA
"2110","Oklahoma 3",2012,0.514413601
"2111","Oklahoma 4",2012,0.455544456
"2112","Oklahoma 5",2012,NA
"2113","Oregon 1",2012,0.476646556
"2114","Oregon 2",2012,0.388812779
"2115","Oregon 3",2012,NA
"2116","Oregon 4",2012,NA
"2117","Oregon 5",2012,NA
"2118","Pennsylvania 1",2012,NA
"2119","Pennsylvania 2",2012,NA
"2120","Pennsylvania 3",2012,NA
"2121","Pennsylvania 4",2012,NA
"2122","Pennsylvania 5",2012,NA
"2123","Pennsylvania 6",2012,NA
"2124","Pennsylvania 7",2012,NA
"2125","Pennsylvania 8",2012,NA
"2126","Pennsylvania 9",2012,NA
"2127","Pennsylvania 10",2012,NA
"2128","Pennsylvania 11",2012,NA
"2129","Pennsylvania 12",2012,0.601010101
"2130","Pennsylvania 13",2012,NA
"2131","Pennsylvania 14",2012,NA
"2132","Pennsylvania 15",2012,NA
"2133","Pennsylvania 16",2012,NA
"2134","Pennsylvania 17",2012,NA
"2135","Pennsylvania 18",2012,0.601010101
"2136","Pennsylvania 19",2012,NA
"2137","Rhode Island 1",2012,NA
"2138","Rhode Island 2",2012,NA
"2139","South Carolina 1",2012,NA
"2140","South Carolina 2",2012,NA
"2141","South Carolina 3",2012,NA
"2142","South Carolina 4",2012,0.429441356
"2143","South Carolina 5",2012,NA
"2144","South Carolina 6",2012,NA
"2145","South Carolina 7",2012,NA
"2146","South Dakota 0",2012,0.354899317
"2147","Tennessee 1",2012,0.407785059
"2148","Tennessee 2",2012,0.270710059
"2149","Tennessee 3",2012,0.442302428
"2150","Tennessee 4",2012,0.420383971
"2151","Tennessee 5",2012,0.329582488
"2152","Tennessee 6",2012,0.304510605
"2153","Tennessee 7",2012,0.318479009
"2154","Tennessee 8",2012,0.241922892
"2155","Tennessee 9",2012,0.277493188
"2156","Texas 1",2012,NA
"2157","Texas 2",2012,NA
"2158","Texas 3",2012,NA
"2159","Texas 4",2012,NA
"2160","Texas 5",2012,NA
"2161","Texas 6",2012,NA
"2162","Texas 7",2012,NA
"2163","Texas 8",2012,NA
"2164","Texas 9",2012,NA
"2165","Texas 10",2012,0.215917843
"2166","Texas 11",2012,NA
"2167","Texas 12",2012,NA
"2168","Texas 13",2012,NA
"2169","Texas 14",2012,NA
"2170","Texas 15",2012,NA
"2171","Texas 16",2012,NA
"2172","Texas 17",2012,NA
"2173","Texas 18",2012,NA
"2174","Texas 19",2012,NA
"2175","Texas 20",2012,NA
"2176","Texas 21",2012,NA
"2177","Texas 22",2012,NA
"2178","Texas 23",2012,NA
"2179","Texas 24",2012,NA
"2180","Texas 25",2012,NA
"2181","Texas 26",2012,NA
"2182","Texas 27",2012,NA
"2183","Texas 28",2012,NA
"2184","Texas 29",2012,NA
"2185","Texas 30",2012,NA
"2186","Texas 31",2012,NA
"2187","Texas 32",2012,NA
"2188","Texas 33",2012,NA
"2189","Texas 34",2012,NA
"2190","Texas 35",2012,NA
"2191","Texas 36",2012,NA
"2192","Utah 1",2012,NA
"2193","Utah 2",2012,0.709775967
"2194","Utah 3",2012,NA
"2195","Utah 4",2012,NA
"2196","Vermont 0",2012,0.395474907
"2197","Virginia 1",2012,NA
"2198","Virginia 2",2012,NA
"2199","Virginia 3",2012,NA
"2200","Virginia 4",2012,NA
"2201","Virginia 5",2012,0.377301853
"2202","Virginia 6",2012,NA
"2203","Virginia 7",2012,NA
"2204","Virginia 8",2012,NA
"2205","Virginia 9",2012,NA
"2206","Virginia 10",2012,NA
"2207","Virginia 11",2012,NA
"2208","Washington 1",2012,NA
"2209","Washington 2",2012,NA
"2210","Washington 3",2012,0.327091136
"2211","Washington 4",2012,0.23857868
"2212","Washington 5",2012,0.455269608
"2213","Washington 6",2012,0.495400951
"2214","Washington 7",2012,NA
"2215","Washington 8",2012,NA
"2216","Washington 9",2012,NA
"2217","Washington 10",2012,NA
"2218","West Virginia 1",2012,0.576315311
"2219","West Virginia 2",2012,0.522984612
"2220","West Virginia 3",2012,0.550793745
"2221","Wisconsin 1",2012,NA
"2222","Wisconsin 2",2012,NA
"2223","Wisconsin 3",2012,NA
"2224","Wisconsin 4",2012,NA
"2225","Wisconsin 5",2012,NA
"2226","Wisconsin 6",2012,NA
"2227","Wisconsin 7",2012,NA
"2228","Wisconsin 8",2012,NA
